title,author,description,code,genre,cover_url
Autobiography,Benjamin Franklin,"An autobiography is a self-written book that tells the life story of the author, sharing their experiences, challenges, and personal insights.",AB000001,autobiography,https://covers.openlibrary.org/b/olid/OL7163111M-M.jpg
Trump,Donald Trump,"An autobiography is a self-written book that tells the life story of the author, sharing their experiences, challenges, and personal insights.",AB000002,autobiography,https://covers.openlibrary.org/b/olid/OL2407396M-M.jpg
My place,Sally Morgan,"An autobiography is a self-written book that tells the life story of the author, sharing their experiences, challenges, and personal insights.",AB000003,autobiography,https://covers.openlibrary.org/b/olid/OL2039282M-M.jpg
Persepolis,Marjane Satrapi,"An autobiography is a self-written book that tells the life story of the author, sharing their experiences, challenges, and personal insights.",AB000004,autobiography,https://covers.openlibrary.org/b/olid/OL39067201M-M.jpg
"Eleanor Roosevelt: Vol. 1, 1884-1933",Blanche Wiesen Cook,"An autobiography is a self-written book that tells the life story of the author, sharing their experiences, challenges, and personal insights.",AB000005,autobiography,https://covers.openlibrary.org/b/olid/OL2407238M-M.jpg
Fun a velt vos iz nishto mer,Israel Joshua Singer,"An autobiography is a self-written book that tells the life story of the author, sharing their experiences, challenges, and personal insights.",AB000006,autobiography,https://covers.openlibrary.org/b/olid/OL22877017M-M.jpg
Laterna magica,Ingmar Bergman,"An autobiography is a self-written book that tells the life story of the author, sharing their experiences, challenges, and personal insights.",AB000007,autobiography,https://covers.openlibrary.org/b/olid/OL15222756M-M.jpg
Bluebeard: a novel,Kurt Vonnegut,"An autobiography is a self-written book that tells the life story of the author, sharing their experiences, challenges, and personal insights.",AB000008,autobiography,https://covers.openlibrary.org/b/olid/OL21380109M-M.jpg
Jimi Hendrix,Sharon Lawrence,"An autobiography is a self-written book that tells the life story of the author, sharing their experiences, challenges, and personal insights.",AB000009,autobiography,https://covers.openlibrary.org/b/olid/OL26806770M-M.jpg
Across China on foot,Edwin John Dingle,"An autobiography is a self-written book that tells the life story of the author, sharing their experiences, challenges, and personal insights.",AB000010,autobiography,https://covers.openlibrary.org/b/olid/OL23267346M-M.jpg
Lady sings the blues,Billie Holiday,"An autobiography is a self-written book that tells the life story of the author, sharing their experiences, challenges, and personal insights.",AB000011,autobiography,https://covers.openlibrary.org/b/olid/OL3179429M-M.jpg
Guess How Much I Love You,Sam McBratney,"Bedtime books are stories designed for children to read or be read to before they go to sleep, with soothing narratives and illustrations to help them relax and prepare for bedtime.",BT000001,bedtime,https://covers.openlibrary.org/b/olid/OL22362179M-M.jpg
"Goodnight Moon, 60th Anniversary Edition",Margaret Wise Brown,"Bedtime books are stories designed for children to read or be read to before they go to sleep, with soothing narratives and illustrations to help them relax and prepare for bedtime.",BT000002,bedtime,https://covers.openlibrary.org/b/olid/OL15353628M-M.jpg
Cricket in Times Square,George Selden,"Bedtime books are stories designed for children to read or be read to before they go to sleep, with soothing narratives and illustrations to help them relax and prepare for bedtime.",BT000003,bedtime,https://covers.openlibrary.org/b/olid/OL24204364M-M.jpg
Mouse Tales,Arnold Lobel,"Bedtime books are stories designed for children to read or be read to before they go to sleep, with soothing narratives and illustrations to help them relax and prepare for bedtime.",BT000004,bedtime,https://covers.openlibrary.org/b/olid/OL5296557M-M.jpg
The Napping House (La Casa Adormecida),Audrey Wood,"Bedtime books are stories designed for children to read or be read to before they go to sleep, with soothing narratives and illustrations to help them relax and prepare for bedtime.",BT000005,bedtime,https://covers.openlibrary.org/b/olid/OL1270569M-M.jpg
Good Night Gorilla,Peggy Rathmann,"Bedtime books are stories designed for children to read or be read to before they go to sleep, with soothing narratives and illustrations to help them relax and prepare for bedtime.",BT000006,bedtime,https://covers.openlibrary.org/b/olid/OL1725270M-M.jpg
Piggies,Don Wood,"Bedtime books are stories designed for children to read or be read to before they go to sleep, with soothing narratives and illustrations to help them relax and prepare for bedtime.",BT000007,bedtime,https://covers.openlibrary.org/b/olid/OL24368813M-M.jpg
"Ten, nine, eight",Molly Bang,"Bedtime books are stories designed for children to read or be read to before they go to sleep, with soothing narratives and illustrations to help them relax and prepare for bedtime.",BT000008,bedtime,https://covers.openlibrary.org/b/olid/OL21617395M-M.jpg
The snowman,Raymond Briggs,"Bedtime books are stories designed for children to read or be read to before they go to sleep, with soothing narratives and illustrations to help them relax and prepare for bedtime.",BT000009,bedtime,https://covers.openlibrary.org/b/olid/OL24754536M-M.jpg
Biscuit,Alyssa Satin Capucilli,"Bedtime books are stories designed for children to read or be read to before they go to sleep, with soothing narratives and illustrations to help them relax and prepare for bedtime.",BT000010,bedtime,https://covers.openlibrary.org/b/olid/OL7292452M-M.jpg
Guess How Much I Love You,Sam McBratney,"Bedtime books are stories designed for children to read or be read to before they go to sleep, with soothing narratives and illustrations to help them relax and prepare for bedtime.",BT000011,bedtime,https://covers.openlibrary.org/b/olid/OL40208661M-M.jpg
I Want My Potty,Tony Ross,"Bedtime books are stories designed for children to read or be read to before they go to sleep, with soothing narratives and illustrations to help them relax and prepare for bedtime.",BT000012,bedtime,https://covers.openlibrary.org/b/olid/OL22411119M-M.jpg
Chemical Biology in Regenerative Medicine,Charles C. Hong,"Biology books are educational texts that explore the science of life. They cover topics such as genetics, evolution, ecology, and the study of living organisms. These books provide insights into the structure, function, and interconnectedness of life forms on Earth. They are essential resources for students, researchers, and anyone interested in understanding the natural world.",BIO00001,biology,https://covers.openlibrary.org/b/olid/OL27557847M-M.jpg
Hex,Rhiannon Lassiter,"Biology books are educational texts that explore the science of life. They cover topics such as genetics, evolution, ecology, and the study of living organisms. These books provide insights into the structure, function, and interconnectedness of life forms on Earth. They are essential resources for students, researchers, and anyone interested in understanding the natural world.",BIO00002,biology,https://covers.openlibrary.org/b/olid/OL28137027M-M.jpg
Secret Family,David Bodanis,"Biology books are educational texts that explore the science of life. They cover topics such as genetics, evolution, ecology, and the study of living organisms. These books provide insights into the structure, function, and interconnectedness of life forms on Earth. They are essential resources for students, researchers, and anyone interested in understanding the natural world.",BIO00003,biology,https://covers.openlibrary.org/b/olid/OL668990M-M.jpg
Bone Quantitative Ultrasound,Pascal Laugier,"Biology books are educational texts that explore the science of life. They cover topics such as genetics, evolution, ecology, and the study of living organisms. These books provide insights into the structure, function, and interconnectedness of life forms on Earth. They are essential resources for students, researchers, and anyone interested in understanding the natural world.",BIO00004,biology,https://covers.openlibrary.org/b/olid/OL34513584M-M.jpg
Mathematical methods and models in the biological sciences,Martin Eisen,"Biology books are educational texts that explore the science of life. They cover topics such as genetics, evolution, ecology, and the study of living organisms. These books provide insights into the structure, function, and interconnectedness of life forms on Earth. They are essential resources for students, researchers, and anyone interested in understanding the natural world.",BIO00005,biology,https://covers.openlibrary.org/b/olid/OL20735462M-M.jpg
The scientists behind living things,Robert Snedden,"Biology books are educational texts that explore the science of life. They cover topics such as genetics, evolution, ecology, and the study of living organisms. These books provide insights into the structure, function, and interconnectedness of life forms on Earth. They are essential resources for students, researchers, and anyone interested in understanding the natural world.",BIO00006,biology,https://archive.org/services/img/scientistsbehind0000sned_a6d5
Biological oceanography,Carol M. Lalli,"Biology books are educational texts that explore the science of life. They cover topics such as genetics, evolution, ecology, and the study of living organisms. These books provide insights into the structure, function, and interconnectedness of life forms on Earth. They are essential resources for students, researchers, and anyone interested in understanding the natural world.",BIO00007,biology,https://covers.openlibrary.org/b/olid/OL1716614M-M.jpg
Integrated fish farming,Workshop on Integrated Fish Farming (199...,"Biology books are educational texts that explore the science of life. They cover topics such as genetics, evolution, ecology, and the study of living organisms. These books provide insights into the structure, function, and interconnectedness of life forms on Earth. They are essential resources for students, researchers, and anyone interested in understanding the natural world.",BIO00008,biology,https://covers.openlibrary.org/b/olid/OL680897M-M.jpg
The Serengeti lion,George B. Schaller,"Biology books are educational texts that explore the science of life. They cover topics such as genetics, evolution, ecology, and the study of living organisms. These books provide insights into the structure, function, and interconnectedness of life forms on Earth. They are essential resources for students, researchers, and anyone interested in understanding the natural world.",BIO00009,biology,https://covers.openlibrary.org/b/olid/OL22099135M-M.jpg
Biological Membranes,Dennis Chapman,"Biology books are educational texts that explore the science of life. They cover topics such as genetics, evolution, ecology, and the study of living organisms. These books provide insights into the structure, function, and interconnectedness of life forms on Earth. They are essential resources for students, researchers, and anyone interested in understanding the natural world.",BIO00010,biology,https://covers.openlibrary.org/b/olid/OL10071220M-M.jpg
Advanced biology,J. Simpkins,"Biology books are educational texts that explore the science of life. They cover topics such as genetics, evolution, ecology, and the study of living organisms. These books provide insights into the structure, function, and interconnectedness of life forms on Earth. They are essential resources for students, researchers, and anyone interested in understanding the natural world.",BIO00011,biology,https://covers.openlibrary.org/b/olid/OL11248460M-M.jpg
Student dictionary of biology,"Gray, Peter","Biology books are educational texts that explore the science of life. They cover topics such as genetics, evolution, ecology, and the study of living organisms. These books provide insights into the structure, function, and interconnectedness of life forms on Earth. They are essential resources for students, researchers, and anyone interested in understanding the natural world.",BIO00012,biology,https://covers.openlibrary.org/b/olid/OL5410262M-M.jpg
Biological Investigations,Edward Devine,"Biology books are educational texts that explore the science of life. They cover topics such as genetics, evolution, ecology, and the study of living organisms. These books provide insights into the structure, function, and interconnectedness of life forms on Earth. They are essential resources for students, researchers, and anyone interested in understanding the natural world.",BIO00013,biology,https://covers.openlibrary.org/b/olid/OL8005233M-M.jpg
Life Cycles,Linda Buellis,"Biology books are educational texts that explore the science of life. They cover topics such as genetics, evolution, ecology, and the study of living organisms. These books provide insights into the structure, function, and interconnectedness of life forms on Earth. They are essential resources for students, researchers, and anyone interested in understanding the natural world.",BIO00014,biology,https://covers.openlibrary.org/b/olid/OL27410582M-M.jpg
My First Body Book,Clive Gifford,"Biology books are educational texts that explore the science of life. They cover topics such as genetics, evolution, ecology, and the study of living organisms. These books provide insights into the structure, function, and interconnectedness of life forms on Earth. They are essential resources for students, researchers, and anyone interested in understanding the natural world.",BIO00015,biology,https://covers.openlibrary.org/b/olid/OL39658054M-M.jpg
"Heads, Shoulders, Muscles, and Bones",Alix Wood,"Biology books are educational texts that explore the science of life. They cover topics such as genetics, evolution, ecology, and the study of living organisms. These books provide insights into the structure, function, and interconnectedness of life forms on Earth. They are essential resources for students, researchers, and anyone interested in understanding the natural world.",BIO00016,biology,https://covers.openlibrary.org/b/olid/OL39655773M-M.jpg
Simple life forms,Darlene R. Stille,"Biology books are educational texts that explore the science of life. They cover topics such as genetics, evolution, ecology, and the study of living organisms. These books provide insights into the structure, function, and interconnectedness of life forms on Earth. They are essential resources for students, researchers, and anyone interested in understanding the natural world.",BIO00017,biology,https://covers.openlibrary.org/b/olid/OL11514105M-M.jpg
Functional Metabolism,Kenneth B. Storey,"Biology books are educational texts that explore the science of life. They cover topics such as genetics, evolution, ecology, and the study of living organisms. These books provide insights into the structure, function, and interconnectedness of life forms on Earth. They are essential resources for students, researchers, and anyone interested in understanding the natural world.",BIO00018,biology,https://covers.openlibrary.org/b/olid/OL18216469M-M.jpg
Single molecule analysis,Erwin J. G. Peterman,"Biology books are educational texts that explore the science of life. They cover topics such as genetics, evolution, ecology, and the study of living organisms. These books provide insights into the structure, function, and interconnectedness of life forms on Earth. They are essential resources for students, researchers, and anyone interested in understanding the natural world.",BIO00019,biology,https://covers.openlibrary.org/b/olid/OL25546818M-M.jpg
Transfer RNA in protein synthesis,Dolph L. Hatfield,"Biology books are educational texts that explore the science of life. They cover topics such as genetics, evolution, ecology, and the study of living organisms. These books provide insights into the structure, function, and interconnectedness of life forms on Earth. They are essential resources for students, researchers, and anyone interested in understanding the natural world.",BIO00020,biology,https://covers.openlibrary.org/b/olid/OL1703087M-M.jpg
Economics of agricultural development,George W. Norton,"Business and economics books are educational resources that delve into the realms of commerce, finance, management, and economic theories. They offer valuable insights for students, professionals, and those interested in understanding how businesses work and the functioning of economies.",BE000001,business__economics,https://covers.openlibrary.org/b/olid/OL24574871M-M.jpg
International economics: theory and policy,Paul R. Krugman,"Business and economics books are educational resources that delve into the realms of commerce, finance, management, and economic theories. They offer valuable insights for students, professionals, and those interested in understanding how businesses work and the functioning of economies.",BE000002,business__economics,https://covers.openlibrary.org/b/olid/OL21600444M-M.jpg
Consumer behavior,Del I. Hawkins,"Business and economics books are educational resources that delve into the realms of commerce, finance, management, and economic theories. They offer valuable insights for students, professionals, and those interested in understanding how businesses work and the functioning of economies.",BE000003,business__economics,https://covers.openlibrary.org/b/olid/OL3512399M-M.jpg
Adam Smith Review,Fonna Forman,"Business and economics books are educational resources that delve into the realms of commerce, finance, management, and economic theories. They offer valuable insights for students, professionals, and those interested in understanding how businesses work and the functioning of economies.",BE000004,business__economics,https://covers.openlibrary.org/b/olid/OL28805252M-M.jpg
Tax for Australians for dummies,Jimmy B. Prince,"Business and economics books are educational resources that delve into the realms of commerce, finance, management, and economic theories. They offer valuable insights for students, professionals, and those interested in understanding how businesses work and the functioning of economies.",BE000005,business__economics,https://covers.openlibrary.org/b/olid/OL25544115M-M.jpg
Plan your estate,Denis Clifford,"Business and economics books are educational resources that delve into the realms of commerce, finance, management, and economic theories. They offer valuable insights for students, professionals, and those interested in understanding how businesses work and the functioning of economies.",BE000006,business__economics,https://covers.openlibrary.org/b/olid/OL18200731M-M.jpg
"Ethics, law and society",Jennifer Gunning,"Business and economics books are educational resources that delve into the realms of commerce, finance, management, and economic theories. They offer valuable insights for students, professionals, and those interested in understanding how businesses work and the functioning of economies.",BE000007,business__economics,https://covers.openlibrary.org/b/olid/OL28334982M-M.jpg
Ecotourism,David A. Fennell,"Business and economics books are educational resources that delve into the realms of commerce, finance, management, and economic theories. They offer valuable insights for students, professionals, and those interested in understanding how businesses work and the functioning of economies.",BE000008,business__economics,https://covers.openlibrary.org/b/olid/OL28784923M-M.jpg
Advanced accounting,Floyd A. Beams,"Business and economics books are educational resources that delve into the realms of commerce, finance, management, and economic theories. They offer valuable insights for students, professionals, and those interested in understanding how businesses work and the functioning of economies.",BE000009,business__economics,https://covers.openlibrary.org/b/olid/OL4402905M-M.jpg
The world economy,David Greenaway,"Business and economics books are educational resources that delve into the realms of commerce, finance, management, and economic theories. They offer valuable insights for students, professionals, and those interested in understanding how businesses work and the functioning of economies.",BE000010,business__economics,https://covers.openlibrary.org/b/olid/OL27096314M-M.jpg
Test your entrepreneurial I.Q.,K. Hawkins,"An entrepreneurship book provides guidance and knowledge for individuals interested in starting, growing, or managing their own businesses. These books cover various aspects of entrepreneurship, including business planning, marketing, funding, and leadership. They offer practical advice, case studies, and strategies to help aspiring entrepreneurs succeed in the world of business.",ES000001,entrepreneurship,https://covers.openlibrary.org/b/olid/OL10215099M-M.jpg
Women and entrepreneurship,Candida G. Brush,"An entrepreneurship book provides guidance and knowledge for individuals interested in starting, growing, or managing their own businesses. These books cover various aspects of entrepreneurship, including business planning, marketing, funding, and leadership. They offer practical advice, case studies, and strategies to help aspiring entrepreneurs succeed in the world of business.",ES000002,entrepreneurship,https://covers.openlibrary.org/b/olid/OL11912123M-M.jpg
Management and Entrepreneurism (Smart Strategies),John Chicken,"An entrepreneurship book provides guidance and knowledge for individuals interested in starting, growing, or managing their own businesses. These books cover various aspects of entrepreneurship, including business planning, marketing, funding, and leadership. They offer practical advice, case studies, and strategies to help aspiring entrepreneurs succeed in the world of business.",ES000003,entrepreneurship,https://covers.openlibrary.org/b/olid/OL8630300M-M.jpg
Unsung Heroes of the American Industry,Mark Poirier,"An entrepreneurship book provides guidance and knowledge for individuals interested in starting, growing, or managing their own businesses. These books cover various aspects of entrepreneurship, including business planning, marketing, funding, and leadership. They offer practical advice, case studies, and strategies to help aspiring entrepreneurs succeed in the world of business.",ES000004,entrepreneurship,https://covers.openlibrary.org/b/olid/OL7962247M-M.jpg
World Encyclopedia Of Entrepreneurship,Leo Paul Dana,"An entrepreneurship book provides guidance and knowledge for individuals interested in starting, growing, or managing their own businesses. These books cover various aspects of entrepreneurship, including business planning, marketing, funding, and leadership. They offer practical advice, case studies, and strategies to help aspiring entrepreneurs succeed in the world of business.",ES000005,entrepreneurship,https://covers.openlibrary.org/b/olid/OL25987351M-M.jpg
Entrepreneurship,Paul H. Wilken,"An entrepreneurship book provides guidance and knowledge for individuals interested in starting, growing, or managing their own businesses. These books cover various aspects of entrepreneurship, including business planning, marketing, funding, and leadership. They offer practical advice, case studies, and strategies to help aspiring entrepreneurs succeed in the world of business.",ES000006,entrepreneurship,https://covers.openlibrary.org/b/olid/OL4402820M-M.jpg
Principles of Business,Salem Press,"An entrepreneurship book provides guidance and knowledge for individuals interested in starting, growing, or managing their own businesses. These books cover various aspects of entrepreneurship, including business planning, marketing, funding, and leadership. They offer practical advice, case studies, and strategies to help aspiring entrepreneurs succeed in the world of business.",ES000007,entrepreneurship,https://covers.openlibrary.org/b/olid/OL37277307M-M.jpg
Entrepreneurial wit & wisdom,Robert L. Qualls,"An entrepreneurship book provides guidance and knowledge for individuals interested in starting, growing, or managing their own businesses. These books cover various aspects of entrepreneurship, including business planning, marketing, funding, and leadership. They offer practical advice, case studies, and strategies to help aspiring entrepreneurs succeed in the world of business.",ES000008,entrepreneurship,https://covers.openlibrary.org/b/olid/OL2102362M-M.jpg
Creating a Culture of Innovation,Alexandra Deschamps-Sonsino,"An entrepreneurship book provides guidance and knowledge for individuals interested in starting, growing, or managing their own businesses. These books cover various aspects of entrepreneurship, including business planning, marketing, funding, and leadership. They offer practical advice, case studies, and strategies to help aspiring entrepreneurs succeed in the world of business.",ES000009,entrepreneurship,https://covers.openlibrary.org/b/olid/OL31935680M-M.jpg
The Effective Entrepreneur - a practical guide to leadership and management of others and self,John Caines,"An entrepreneurship book provides guidance and knowledge for individuals interested in starting, growing, or managing their own businesses. These books cover various aspects of entrepreneurship, including business planning, marketing, funding, and leadership. They offer practical advice, case studies, and strategies to help aspiring entrepreneurs succeed in the world of business.",ES000010,entrepreneurship,https://covers.openlibrary.org/b/olid/OL12294967M-M.jpg
24 Carat Bold The Standard For Real Thought Leaders,Mindy Gibbins-Klein,"An entrepreneurship book provides guidance and knowledge for individuals interested in starting, growing, or managing their own businesses. These books cover various aspects of entrepreneurship, including business planning, marketing, funding, and leadership. They offer practical advice, case studies, and strategies to help aspiring entrepreneurs succeed in the world of business.",ES000011,entrepreneurship,https://covers.openlibrary.org/b/olid/OL26072937M-M.jpg
International handbook of research on indigenous entrepreneurship,Leo Paul Dana,"An entrepreneurship book provides guidance and knowledge for individuals interested in starting, growing, or managing their own businesses. These books cover various aspects of entrepreneurship, including business planning, marketing, funding, and leadership. They offer practical advice, case studies, and strategies to help aspiring entrepreneurs succeed in the world of business.",ES000012,entrepreneurship,https://covers.openlibrary.org/b/olid/OL11906794M-M.jpg
The Hobbit,J.R.R. Tolkien,"Fantasy books are works of fiction set in imaginative and often magical worlds. They typically feature elements such as mythical creatures, supernatural powers, and epic adventures. These books offer readers an escape from reality into fantastical realms filled with unique characters and imaginative settings, making them popular for entertainment and exploration of complex themes through allegory and metaphor.",FAN00001,fantasy,https://covers.openlibrary.org/b/olid/OL28345239M-M.jpg
"The Magic of Oz: a faithful record of the remarkable adventures of Dorothy and Trot and the Wizard of Oz, together with the Cowardly Lion, the Hungry Tiger and Cap'n Bill, in their successful search for a magical and beautiful birthday present for Princess Ozma of Oz",L. Frank Baum,"Fantasy books are works of fiction set in imaginative and often magical worlds. They typically feature elements such as mythical creatures, supernatural powers, and epic adventures. These books offer readers an escape from reality into fantastical realms filled with unique characters and imaginative settings, making them popular for entertainment and exploration of complex themes through allegory and metaphor.",FAN00002,fantasy,https://covers.openlibrary.org/b/olid/OL13447442M-M.jpg
Prince Caspian,C. S. Lewis,"Fantasy books are works of fiction set in imaginative and often magical worlds. They typically feature elements such as mythical creatures, supernatural powers, and epic adventures. These books offer readers an escape from reality into fantastical realms filled with unique characters and imaginative settings, making them popular for entertainment and exploration of complex themes through allegory and metaphor.",FAN00003,fantasy,https://covers.openlibrary.org/b/olid/OL9222276M-M.jpg
The Marvelous Land of Oz: Being an Account of the Further Adventures of the Scarecrow and the Tin Woodman,L. Frank Baum,"Fantasy books are works of fiction set in imaginative and often magical worlds. They typically feature elements such as mythical creatures, supernatural powers, and epic adventures. These books offer readers an escape from reality into fantastical realms filled with unique characters and imaginative settings, making them popular for entertainment and exploration of complex themes through allegory and metaphor.",FAN00004,fantasy,https://covers.openlibrary.org/b/olid/OL7077661M-M.jpg
The hill of dreams,Arthur Machen,"Fantasy books are works of fiction set in imaginative and often magical worlds. They typically feature elements such as mythical creatures, supernatural powers, and epic adventures. These books offer readers an escape from reality into fantastical realms filled with unique characters and imaginative settings, making them popular for entertainment and exploration of complex themes through allegory and metaphor.",FAN00005,fantasy,https://covers.openlibrary.org/b/olid/OL7166875M-M.jpg
The princess and the goblin,George MacDonald,"Fantasy books are works of fiction set in imaginative and often magical worlds. They typically feature elements such as mythical creatures, supernatural powers, and epic adventures. These books offer readers an escape from reality into fantastical realms filled with unique characters and imaginative settings, making them popular for entertainment and exploration of complex themes through allegory and metaphor.",FAN00006,fantasy,https://covers.openlibrary.org/b/olid/OL48581846M-M.jpg
Sylvie and Bruno,Lewis Carroll,"Fantasy books are works of fiction set in imaginative and often magical worlds. They typically feature elements such as mythical creatures, supernatural powers, and epic adventures. These books offer readers an escape from reality into fantastical realms filled with unique characters and imaginative settings, making them popular for entertainment and exploration of complex themes through allegory and metaphor.",FAN00007,fantasy,https://covers.openlibrary.org/b/olid/OL7245466M-M.jpg
The Two Towers,J.R.R. Tolkien,"Fantasy books are works of fiction set in imaginative and often magical worlds. They typically feature elements such as mythical creatures, supernatural powers, and epic adventures. These books offer readers an escape from reality into fantastical realms filled with unique characters and imaginative settings, making them popular for entertainment and exploration of complex themes through allegory and metaphor.",FAN00008,fantasy,https://covers.openlibrary.org/b/olid/OL31879906M-M.jpg
The Lord of the Rings,J.R.R. Tolkien,"Fantasy books are works of fiction set in imaginative and often magical worlds. They typically feature elements such as mythical creatures, supernatural powers, and epic adventures. These books offer readers an escape from reality into fantastical realms filled with unique characters and imaginative settings, making them popular for entertainment and exploration of complex themes through allegory and metaphor.",FAN00009,fantasy,https://covers.openlibrary.org/b/olid/OL5237526M-M.jpg
The Enchanted Castle,Edith Nesbit,"Fantasy books are works of fiction set in imaginative and often magical worlds. They typically feature elements such as mythical creatures, supernatural powers, and epic adventures. These books offer readers an escape from reality into fantastical realms filled with unique characters and imaginative settings, making them popular for entertainment and exploration of complex themes through allegory and metaphor.",FAN00010,fantasy,https://covers.openlibrary.org/b/olid/OL22879417M-M.jpg
The Fellowship of the Ring,J.R.R. Tolkien,"Fantasy books are works of fiction set in imaginative and often magical worlds. They typically feature elements such as mythical creatures, supernatural powers, and epic adventures. These books offer readers an escape from reality into fantastical realms filled with unique characters and imaginative settings, making them popular for entertainment and exploration of complex themes through allegory and metaphor.",FAN00011,fantasy,https://covers.openlibrary.org/b/olid/OL15350842M-M.jpg
The Napoleon of Notting Hill,Gilbert Keith Chesterton,"Fantasy books are works of fiction set in imaginative and often magical worlds. They typically feature elements such as mythical creatures, supernatural powers, and epic adventures. These books offer readers an escape from reality into fantastical realms filled with unique characters and imaginative settings, making them popular for entertainment and exploration of complex themes through allegory and metaphor.",FAN00012,fantasy,https://covers.openlibrary.org/b/olid/OL23365952M-M.jpg
The Horse and His Boy,C. S. Lewis,"Fantasy books are works of fiction set in imaginative and often magical worlds. They typically feature elements such as mythical creatures, supernatural powers, and epic adventures. These books offer readers an escape from reality into fantastical realms filled with unique characters and imaginative settings, making them popular for entertainment and exploration of complex themes through allegory and metaphor.",FAN00013,fantasy,https://covers.openlibrary.org/b/olid/OL29546376M-M.jpg
Witch Wood,John Buchan,Historical fiction books are novels set in a specific historical period or featuring real historical events. They blend factual elements with imaginative storytelling to create captivating narratives that transport readers to the past. These books offer a unique way to learn about history while enjoying compelling characters and stories that reflect the time and place in which they are set.,HF000001,historical_fiction,https://covers.openlibrary.org/b/olid/OL22367516M-M.jpg
The Path of the King,John Buchan,Historical fiction books are novels set in a specific historical period or featuring real historical events. They blend factual elements with imaginative storytelling to create captivating narratives that transport readers to the past. These books offer a unique way to learn about history while enjoying compelling characters and stories that reflect the time and place in which they are set.,HF000002,historical_fiction,https://covers.openlibrary.org/b/olid/OL6641029M-M.jpg
In the days of Drake,Joseph Smith Fletcher,Historical fiction books are novels set in a specific historical period or featuring real historical events. They blend factual elements with imaginative storytelling to create captivating narratives that transport readers to the past. These books offer a unique way to learn about history while enjoying compelling characters and stories that reflect the time and place in which they are set.,HF000003,historical_fiction,https://covers.openlibrary.org/b/olid/OL6977359M-M.jpg
The great shadow,Arthur Conan Doyle,Historical fiction books are novels set in a specific historical period or featuring real historical events. They blend factual elements with imaginative storytelling to create captivating narratives that transport readers to the past. These books offer a unique way to learn about history while enjoying compelling characters and stories that reflect the time and place in which they are set.,HF000004,historical_fiction,https://covers.openlibrary.org/b/olid/OL46835356M-M.jpg
The free fishers,John Buchan,Historical fiction books are novels set in a specific historical period or featuring real historical events. They blend factual elements with imaginative storytelling to create captivating narratives that transport readers to the past. These books offer a unique way to learn about history while enjoying compelling characters and stories that reflect the time and place in which they are set.,HF000005,historical_fiction,https://covers.openlibrary.org/b/olid/OL32994503M-M.jpg
Children of the Frost,Jack London,Historical fiction books are novels set in a specific historical period or featuring real historical events. They blend factual elements with imaginative storytelling to create captivating narratives that transport readers to the past. These books offer a unique way to learn about history while enjoying compelling characters and stories that reflect the time and place in which they are set.,HF000006,historical_fiction,https://covers.openlibrary.org/b/olid/OL34892321M-M.jpg
To Have and To Hold,Mary Johnston,Historical fiction books are novels set in a specific historical period or featuring real historical events. They blend factual elements with imaginative storytelling to create captivating narratives that transport readers to the past. These books offer a unique way to learn about history while enjoying compelling characters and stories that reflect the time and place in which they are set.,HF000007,historical_fiction,https://covers.openlibrary.org/b/olid/OL32446157M-M.jpg
Three Musketeers,Alexandre Dumas,Historical fiction books are novels set in a specific historical period or featuring real historical events. They blend factual elements with imaginative storytelling to create captivating narratives that transport readers to the past. These books offer a unique way to learn about history while enjoying compelling characters and stories that reflect the time and place in which they are set.,HF000008,historical_fiction,https://covers.openlibrary.org/b/olid/OL34885136M-M.jpg
Midwinter: certain travellers in old England,John Buchan,Historical fiction books are novels set in a specific historical period or featuring real historical events. They blend factual elements with imaginative storytelling to create captivating narratives that transport readers to the past. These books offer a unique way to learn about history while enjoying compelling characters and stories that reflect the time and place in which they are set.,HF000009,historical_fiction,https://covers.openlibrary.org/b/olid/OL6656313M-M.jpg
The last days of Pompeii,"Edward Bulwer Lytton, Baron Lytton",Historical fiction books are novels set in a specific historical period or featuring real historical events. They blend factual elements with imaginative storytelling to create captivating narratives that transport readers to the past. These books offer a unique way to learn about history while enjoying compelling characters and stories that reflect the time and place in which they are set.,HF000010,historical_fiction,https://covers.openlibrary.org/b/olid/OL26553266M-M.jpg
The Damned,Algernon Blackwood,"Horror books are a genre of literature that aims to evoke fear, suspense, and a sense of dread in readers. They often feature elements of the supernatural, the macabre, or psychological terror. Horror books can range from classic tales like ""Dracula"" by Bram Stoker to contemporary works like Stephen King's ""The Shining."" They are designed to entertain and thrill readers with spine-chilling narratives and unsettling themes.",HO000001,horror,https://covers.openlibrary.org/b/olid/OL11824017M-M.jpg
The Power of Darkness,Edith Nesbit,"Horror books are a genre of literature that aims to evoke fear, suspense, and a sense of dread in readers. They often feature elements of the supernatural, the macabre, or psychological terror. Horror books can range from classic tales like ""Dracula"" by Bram Stoker to contemporary works like Stephen King's ""The Shining."" They are designed to entertain and thrill readers with spine-chilling narratives and unsettling themes.",HO000002,horror,https://covers.openlibrary.org/b/olid/OL8914289M-M.jpg
Tales of Terror and Mystery,Arthur Conan Doyle,"Horror books are a genre of literature that aims to evoke fear, suspense, and a sense of dread in readers. They often feature elements of the supernatural, the macabre, or psychological terror. Horror books can range from classic tales like ""Dracula"" by Bram Stoker to contemporary works like Stephen King's ""The Shining."" They are designed to entertain and thrill readers with spine-chilling narratives and unsettling themes.",HO000003,horror,https://covers.openlibrary.org/b/olid/OL24221283M-M.jpg
The Beetle,Richard Marsh,"Horror books are a genre of literature that aims to evoke fear, suspense, and a sense of dread in readers. They often feature elements of the supernatural, the macabre, or psychological terror. Horror books can range from classic tales like ""Dracula"" by Bram Stoker to contemporary works like Stephen King's ""The Shining."" They are designed to entertain and thrill readers with spine-chilling narratives and unsettling themes.",HO000004,horror,https://covers.openlibrary.org/b/olid/OL24325876M-M.jpg
The Eye of Osiris: A Detective Story,R. Austin Freeman,"Horror books are a genre of literature that aims to evoke fear, suspense, and a sense of dread in readers. They often feature elements of the supernatural, the macabre, or psychological terror. Horror books can range from classic tales like ""Dracula"" by Bram Stoker to contemporary works like Stephen King's ""The Shining."" They are designed to entertain and thrill readers with spine-chilling narratives and unsettling themes.",HO000005,horror,https://covers.openlibrary.org/b/olid/OL35742699M-M.jpg
Uncle Silas: a tale of Bartram-Haugh,Joseph Sheridan Le Fanu,"Horror books are a genre of literature that aims to evoke fear, suspense, and a sense of dread in readers. They often feature elements of the supernatural, the macabre, or psychological terror. Horror books can range from classic tales like ""Dracula"" by Bram Stoker to contemporary works like Stephen King's ""The Shining."" They are designed to entertain and thrill readers with spine-chilling narratives and unsettling themes.",HO000006,horror,https://covers.openlibrary.org/b/olid/OL7115788M-M.jpg
The Island of Dr. Moreau,H. G. Wells,"Horror books are a genre of literature that aims to evoke fear, suspense, and a sense of dread in readers. They often feature elements of the supernatural, the macabre, or psychological terror. Horror books can range from classic tales like ""Dracula"" by Bram Stoker to contemporary works like Stephen King's ""The Shining."" They are designed to entertain and thrill readers with spine-chilling narratives and unsettling themes.",HO000007,horror,https://covers.openlibrary.org/b/olid/OL7038266M-M.jpg
Poems,Percy Bysshe Shelley,"Horror books are a genre of literature that aims to evoke fear, suspense, and a sense of dread in readers. They often feature elements of the supernatural, the macabre, or psychological terror. Horror books can range from classic tales like ""Dracula"" by Bram Stoker to contemporary works like Stephen King's ""The Shining."" They are designed to entertain and thrill readers with spine-chilling narratives and unsettling themes.",HO000008,horror,https://covers.openlibrary.org/b/olid/OL14034906M-M.jpg
Carrie,Stephen King,"Horror books are a genre of literature that aims to evoke fear, suspense, and a sense of dread in readers. They often feature elements of the supernatural, the macabre, or psychological terror. Horror books can range from classic tales like ""Dracula"" by Bram Stoker to contemporary works like Stephen King's ""The Shining."" They are designed to entertain and thrill readers with spine-chilling narratives and unsettling themes.",HO000009,horror,https://covers.openlibrary.org/b/olid/OL29484574M-M.jpg
Misery,Stephen King,"Horror books are a genre of literature that aims to evoke fear, suspense, and a sense of dread in readers. They often feature elements of the supernatural, the macabre, or psychological terror. Horror books can range from classic tales like ""Dracula"" by Bram Stoker to contemporary works like Stephen King's ""The Shining."" They are designed to entertain and thrill readers with spine-chilling narratives and unsettling themes.",HO000010,horror,https://covers.openlibrary.org/b/olid/OL32364524M-M.jpg
The Shining,Stephen King,"Horror books are a genre of literature that aims to evoke fear, suspense, and a sense of dread in readers. They often feature elements of the supernatural, the macabre, or psychological terror. Horror books can range from classic tales like ""Dracula"" by Bram Stoker to contemporary works like Stephen King's ""The Shining."" They are designed to entertain and thrill readers with spine-chilling narratives and unsettling themes.",HO000011,horror,https://covers.openlibrary.org/b/olid/OL22312685M-M.jpg
Interview With the Vampire,Anne Rice,"Horror books are a genre of literature that aims to evoke fear, suspense, and a sense of dread in readers. They often feature elements of the supernatural, the macabre, or psychological terror. Horror books can range from classic tales like ""Dracula"" by Bram Stoker to contemporary works like Stephen King's ""The Shining."" They are designed to entertain and thrill readers with spine-chilling narratives and unsettling themes.",HO000012,horror,https://covers.openlibrary.org/b/olid/OL9592757M-M.jpg
House on the Borderland,William Hope Hodgson,"Horror books are a genre of literature that aims to evoke fear, suspense, and a sense of dread in readers. They often feature elements of the supernatural, the macabre, or psychological terror. Horror books can range from classic tales like ""Dracula"" by Bram Stoker to contemporary works like Stephen King's ""The Shining."" They are designed to entertain and thrill readers with spine-chilling narratives and unsettling themes.",HO000013,horror,https://covers.openlibrary.org/b/olid/OL44129748M-M.jpg
Salem's Lot,Stephen King,"Horror books are a genre of literature that aims to evoke fear, suspense, and a sense of dread in readers. They often feature elements of the supernatural, the macabre, or psychological terror. Horror books can range from classic tales like ""Dracula"" by Bram Stoker to contemporary works like Stephen King's ""The Shining."" They are designed to entertain and thrill readers with spine-chilling narratives and unsettling themes.",HO000014,horror,https://covers.openlibrary.org/b/olid/OL28273194M-M.jpg
Pet Sematary,Stephen King,"Horror books are a genre of literature that aims to evoke fear, suspense, and a sense of dread in readers. They often feature elements of the supernatural, the macabre, or psychological terror. Horror books can range from classic tales like ""Dracula"" by Bram Stoker to contemporary works like Stephen King's ""The Shining."" They are designed to entertain and thrill readers with spine-chilling narratives and unsettling themes.",HO000015,horror,https://covers.openlibrary.org/b/olid/OL33965435M-M.jpg
"Remains, historical & literary, connected with the palatine counties of Lancaster and Chester","Chetham Society, Manchester, Eng.","Literature books encompass a wide range of fictional and non-fictional works that explore human experiences, emotions, and cultural themes. They often prioritize literary quality and artistic expression.",LIT00001,literature,https://covers.openlibrary.org/b/olid/OL7062724M-M.jpg
Eugenics and Other Evils,Gilbert Keith Chesterton,"Literature books encompass a wide range of fictional and non-fictional works that explore human experiences, emotions, and cultural themes. They often prioritize literary quality and artistic expression.",LIT00002,literature,https://covers.openlibrary.org/b/olid/OL24174140M-M.jpg
Das SchloÃŸ,Franz Kafka,"Literature books encompass a wide range of fictional and non-fictional works that explore human experiences, emotions, and cultural themes. They often prioritize literary quality and artistic expression.",LIT00003,literature,https://archive.org/services/img/castle01kafk
The Street of Seven Stars,Mary Roberts Rinehart,"Literature books encompass a wide range of fictional and non-fictional works that explore human experiences, emotions, and cultural themes. They often prioritize literary quality and artistic expression.",LIT00004,literature,https://covers.openlibrary.org/b/olid/OL25555545M-M.jpg
The uncommercial traveller,Charles Dickens,"Literature books encompass a wide range of fictional and non-fictional works that explore human experiences, emotions, and cultural themes. They often prioritize literary quality and artistic expression.",LIT00005,literature,https://covers.openlibrary.org/b/olid/OL39909877M-M.jpg
Paul et Virginie,Bernardin de Saint-Pierre,"Literature books encompass a wide range of fictional and non-fictional works that explore human experiences, emotions, and cultural themes. They often prioritize literary quality and artistic expression.",LIT00006,literature,https://covers.openlibrary.org/b/olid/OL24239564M-M.jpg
The Talmud of Babylonia,Jacob Neusner,"Literature books encompass a wide range of fictional and non-fictional works that explore human experiences, emotions, and cultural themes. They often prioritize literary quality and artistic expression.",LIT00007,literature,https://covers.openlibrary.org/b/olid/OL12024654M-M.jpg
Martin Eden,Jack London,"Literature books encompass a wide range of fictional and non-fictional works that explore human experiences, emotions, and cultural themes. They often prioritize literary quality and artistic expression.",LIT00008,literature,https://covers.openlibrary.org/b/olid/OL25311903M-M.jpg
The Evil Shepherd,Edward Phillips Oppenheim,"Literature books encompass a wide range of fictional and non-fictional works that explore human experiences, emotions, and cultural themes. They often prioritize literary quality and artistic expression.",LIT00009,literature,https://covers.openlibrary.org/b/olid/OL7114756M-M.jpg
Paradiso,Dante Alighieri,"Literature books encompass a wide range of fictional and non-fictional works that explore human experiences, emotions, and cultural themes. They often prioritize literary quality and artistic expression.",LIT00010,literature,https://covers.openlibrary.org/b/olid/OL17990685M-M.jpg
El conde Lucanor,Don Juan Manuel,"Literature books encompass a wide range of fictional and non-fictional works that explore human experiences, emotions, and cultural themes. They often prioritize literary quality and artistic expression.",LIT00011,literature,https://covers.openlibrary.org/b/olid/OL25671101M-M.jpg
PMP Project Management Professional Exam Certification Kit,Kim Heldman,"Management books provide insights and strategies for effective leadership, organizational development, and business management, aimed at helping professionals enhance their management skills.",MAN00001,management,https://covers.openlibrary.org/b/olid/OL27370539M-M.jpg
Principles of emergency management and emergency operations centers (EOC),Michael J. Fagel,"Management books provide insights and strategies for effective leadership, organizational development, and business management, aimed at helping professionals enhance their management skills.",MAN00002,management,https://covers.openlibrary.org/b/olid/OL25572655M-M.jpg
Managing and Marketing Tourist Destinations,Metin Kozak,"Management books provide insights and strategies for effective leadership, organizational development, and business management, aimed at helping professionals enhance their management skills.",MAN00003,management,https://covers.openlibrary.org/b/olid/OL28769707M-M.jpg
Further up the organisation,"Townsend, Robert","Management books provide insights and strategies for effective leadership, organizational development, and business management, aimed at helping professionals enhance their management skills.",MAN00004,management,https://covers.openlibrary.org/b/olid/OL2408368M-M.jpg
Tolley's Handbook of Disaster and Emergency Management,Tony Moore,"Management books provide insights and strategies for effective leadership, organizational development, and business management, aimed at helping professionals enhance their management skills.",MAN00005,management,https://covers.openlibrary.org/b/olid/OL7477553M-M.jpg
Advances in Production Management Systems. Competitive Manufacturing for Innovative Products and Services,Christos Emmanouilidis,"Management books provide insights and strategies for effective leadership, organizational development, and business management, aimed at helping professionals enhance their management skills.",MAN00006,management,https://covers.openlibrary.org/b/olid/OL28017035M-M.jpg
Essentials of Human Resource Management,Shaun Tyson,"Management books provide insights and strategies for effective leadership, organizational development, and business management, aimed at helping professionals enhance their management skills.",MAN00007,management,https://covers.openlibrary.org/b/olid/OL28741334M-M.jpg
Fundamentals of Human Resource Management,Robert N. Lussier,"Management books provide insights and strategies for effective leadership, organizational development, and business management, aimed at helping professionals enhance their management skills.",MAN00008,management,https://covers.openlibrary.org/b/olid/OL27435248M-M.jpg
Range management,Jerry Holechek,"Management books provide insights and strategies for effective leadership, organizational development, and business management, aimed at helping professionals enhance their management skills.",MAN00009,management,https://covers.openlibrary.org/b/olid/OL2046080M-M.jpg
Data mining,Jiawei Han,"Management books provide insights and strategies for effective leadership, organizational development, and business management, aimed at helping professionals enhance their management skills.",MAN00010,management,https://covers.openlibrary.org/b/olid/OL39485339M-M.jpg
Concerning children,Charlotte Perkins Gilman,"Management books provide insights and strategies for effective leadership, organizational development, and business management, aimed at helping professionals enhance their management skills.",MAN00011,management,https://covers.openlibrary.org/b/olid/OL24186015M-M.jpg
"Educational administration: theory, research, and practice",Wayne K. Hoy,"Management books provide insights and strategies for effective leadership, organizational development, and business management, aimed at helping professionals enhance their management skills.",MAN00012,management,https://covers.openlibrary.org/b/olid/OL4269773M-M.jpg
Risk avoidance for the building team,Basil Sawczuk,"Management books provide insights and strategies for effective leadership, organizational development, and business management, aimed at helping professionals enhance their management skills.",MAN00013,management,https://covers.openlibrary.org/b/olid/OL1015800M-M.jpg
Introducing Computers,Robert H. Blissmer,"Programming books are educational resources that teach computer programming languages, coding techniques, and software development concepts for programmers and developers.",PG000001,programming,https://covers.openlibrary.org/b/olid/OL7619398M-M.jpg
The C Programming Language,Brian W. Kernighan,"Programming books are educational resources that teach computer programming languages, coding techniques, and software development concepts for programmers and developers.",PG000002,programming,https://covers.openlibrary.org/b/olid/OL21056987M-M.jpg
Big Java,Cay S. Horstmann,"Programming books are educational resources that teach computer programming languages, coding techniques, and software development concepts for programmers and developers.",PG000003,programming,https://covers.openlibrary.org/b/olid/OL22371298M-M.jpg
Java software solutions,"Lewis, John","Programming books are educational resources that teach computer programming languages, coding techniques, and software development concepts for programmers and developers.",PG000004,programming,https://covers.openlibrary.org/b/olid/OL24211287M-M.jpg
Your Office,Amy Kinser,"Programming books are educational resources that teach computer programming languages, coding techniques, and software development concepts for programmers and developers.",PG000005,programming,https://covers.openlibrary.org/b/olid/OL28774186M-M.jpg
C++,Herbert Schildt,"Programming books are educational resources that teach computer programming languages, coding techniques, and software development concepts for programmers and developers.",PG000006,programming,https://covers.openlibrary.org/b/olid/OL22270308M-M.jpg
Glencoe Keyboarding Connections,McGraw-Hill,"Programming books are educational resources that teach computer programming languages, coding techniques, and software development concepts for programmers and developers.",PG000007,programming,https://covers.openlibrary.org/b/olid/OL7309382M-M.jpg
Learning Perl,Randal L. Schwartz,"Programming books are educational resources that teach computer programming languages, coding techniques, and software development concepts for programmers and developers.",PG000008,programming,https://covers.openlibrary.org/b/olid/OL1204776M-M.jpg
Criminal justice internships,Gary R. Gordon,"Programming books are educational resources that teach computer programming languages, coding techniques, and software development concepts for programmers and developers.",PG000009,programming,https://covers.openlibrary.org/b/olid/OL2229366M-M.jpg
Advances in visual computing,George Bebis,"Programming books are educational resources that teach computer programming languages, coding techniques, and software development concepts for programmers and developers.",PG000010,programming,https://covers.openlibrary.org/b/olid/OL9056158M-M.jpg
Unix System V/386 Release 4,American Telephone and Telegraph Company,"Programming books are educational resources that teach computer programming languages, coding techniques, and software development concepts for programmers and developers.",PG000011,programming,https://covers.openlibrary.org/b/olid/OL9300144M-M.jpg
Unlimited power,Anthony Robbins,"Programming books are educational resources that teach computer programming languages, coding techniques, and software development concepts for programmers and developers.",PG000012,programming,https://covers.openlibrary.org/b/olid/OL2717011M-M.jpg
Unix System V Release 4: Programmer's Guide,American Telephone and Telegraph Company,"Programming books are educational resources that teach computer programming languages, coding techniques, and software development concepts for programmers and developers.",PG000013,programming,https://covers.openlibrary.org/b/olid/OL1982849M-M.jpg
Unix System V Release 4,American Telephone and Telegraph Company,"Programming books are educational resources that teach computer programming languages, coding techniques, and software development concepts for programmers and developers.",PG000014,programming,https://covers.openlibrary.org/b/olid/OL9300017M-M.jpg
Learning Python,Mark Lutz,"Programming books are educational resources that teach computer programming languages, coding techniques, and software development concepts for programmers and developers.",PG000015,programming,https://covers.openlibrary.org/b/olid/OL6804857M-M.jpg
Core Java 2.,Cay S. Horstmann,"Programming books are educational resources that teach computer programming languages, coding techniques, and software development concepts for programmers and developers.",PG000016,programming,https://covers.openlibrary.org/b/olid/OL16957240M-M.jpg
IEEE standard for information technology,Institute of Electrical and Electronics ...,"Programming books are educational resources that teach computer programming languages, coding techniques, and software development concepts for programmers and developers.",PG000017,programming,https://covers.openlibrary.org/b/olid/OL22193901M-M.jpg
Starting Out with C++,Tony Gaddis,"Programming books are educational resources that teach computer programming languages, coding techniques, and software development concepts for programmers and developers.",PG000018,programming,https://covers.openlibrary.org/b/olid/OL28185242M-M.jpg
Pascal,Douglas W. Nance,"Programming books are educational resources that teach computer programming languages, coding techniques, and software development concepts for programmers and developers.",PG000019,programming,https://covers.openlibrary.org/b/olid/OL1111849M-M.jpg
DOS,Kris A. Jamsa,"Programming books are educational resources that teach computer programming languages, coding techniques, and software development concepts for programmers and developers.",PG000020,programming,https://covers.openlibrary.org/b/olid/OL20957659M-M.jpg
Departmental report,Great Britain. Department of Health,"Programming books are educational resources that teach computer programming languages, coding techniques, and software development concepts for programmers and developers.",PG000021,programming,https://covers.openlibrary.org/b/olid/OL39208726M-M.jpg
One Scandalous Christmas Eve,Susan Stephens,"Romance books focus on love, relationships, and emotional connections between characters. They often include themes of passion, desire, and romantic adventures.",RO000001,romance,https://covers.openlibrary.org/b/olid/OL32280448M-M.jpg
The Texan's Truth,Jolene Navarro,"Romance books focus on love, relationships, and emotional connections between characters. They often include themes of passion, desire, and romantic adventures.",RO000002,romance,https://covers.openlibrary.org/b/olid/OL32291636M-M.jpg
A Plan for Her Future,Lois Richer,"Romance books focus on love, relationships, and emotional connections between characters. They often include themes of passion, desire, and romantic adventures.",RO000003,romance,https://covers.openlibrary.org/b/olid/OL32396861M-M.jpg
His Dry Creek Legacy,Janet Tronstad,"Romance books focus on love, relationships, and emotional connections between characters. They often include themes of passion, desire, and romantic adventures.",RO000004,romance,https://covers.openlibrary.org/b/olid/OL32643695M-M.jpg
Keeping Faith,Hannah Alexander,"Romance books focus on love, relationships, and emotional connections between characters. They often include themes of passion, desire, and romantic adventures.",RO000005,romance,https://covers.openlibrary.org/b/olid/OL29671811M-M.jpg
Marlie's mystery man,Doris Rangel,"Romance books focus on love, relationships, and emotional connections between characters. They often include themes of passion, desire, and romantic adventures.",RO000006,romance,https://covers.openlibrary.org/b/olid/OL3386627M-M.jpg
The Italian's Baby,Lucy Gordon,"Romance books focus on love, relationships, and emotional connections between characters. They often include themes of passion, desire, and romantic adventures.",RO000007,romance,https://covers.openlibrary.org/b/olid/OL10280126M-M.jpg
My Name Is Nell,Laura Abbot,"Romance books focus on love, relationships, and emotional connections between characters. They often include themes of passion, desire, and romantic adventures.",RO000008,romance,https://covers.openlibrary.org/b/olid/OL3387747M-M.jpg
The Raven and the Rose,Susan Wiggs,"Romance books focus on love, relationships, and emotional connections between characters. They often include themes of passion, desire, and romantic adventures.",RO000009,romance,https://covers.openlibrary.org/b/olid/OL7286800M-M.jpg
Hero's Sweetheart,Cheryl Wyatt,"Romance books focus on love, relationships, and emotional connections between characters. They often include themes of passion, desire, and romantic adventures.",RO000010,romance,https://covers.openlibrary.org/b/olid/OL29724569M-M.jpg
Proof of Their Forbidden Night,Chantelle Shaw,"Romance books focus on love, relationships, and emotional connections between characters. They often include themes of passion, desire, and romantic adventures.",RO000011,romance,https://covers.openlibrary.org/b/olid/OL32442131M-M.jpg
Demanding His Billion-Dollar Heir,Pippa Roscoe,"Romance books focus on love, relationships, and emotional connections between characters. They often include themes of passion, desire, and romantic adventures.",RO000012,romance,https://covers.openlibrary.org/b/olid/OL32312533M-M.jpg
Marrying His Runaway Heiress,Therese Beharrie,"Romance books focus on love, relationships, and emotional connections between characters. They often include themes of passion, desire, and romantic adventures.",RO000013,romance,https://covers.openlibrary.org/b/olid/OL32335342M-M.jpg
Star Wars - Darth Maul - Shadow Hunter,Michael Reaves,"Science fiction books explore imaginative and speculative concepts often set in futuristic or otherworldly settings. They delve into scientific, technological, and societal what-ifs.",SF000001,science_fiction,https://covers.openlibrary.org/b/olid/OL6800224M-M.jpg
Excession,Iain M. Banks,"Science fiction books explore imaginative and speculative concepts often set in futuristic or otherworldly settings. They delve into scientific, technological, and societal what-ifs.",SF000002,science_fiction,https://covers.openlibrary.org/b/olid/OL993155M-M.jpg
The Warrior Apprentice,Lois McMaster Bujold,"Science fiction books explore imaginative and speculative concepts often set in futuristic or otherworldly settings. They delve into scientific, technological, and societal what-ifs.",SF000003,science_fiction,https://covers.openlibrary.org/b/olid/OL7661251M-M.jpg
The ugly little boy,Isaac Asimov,"Science fiction books explore imaginative and speculative concepts often set in futuristic or otherworldly settings. They delve into scientific, technological, and societal what-ifs.",SF000004,science_fiction,https://covers.openlibrary.org/b/olid/OL47807155M-M.jpg
Counter-clock world,Philip K. Dick,"Science fiction books explore imaginative and speculative concepts often set in futuristic or otherworldly settings. They delve into scientific, technological, and societal what-ifs.",SF000005,science_fiction,https://archive.org/services/img/counterclockworl00dick_264
"Soldier, Ask Not",Gordon R. Dickson,"Science fiction books explore imaginative and speculative concepts often set in futuristic or otherworldly settings. They delve into scientific, technological, and societal what-ifs.",SF000006,science_fiction,https://covers.openlibrary.org/b/olid/OL7526660M-M.jpg
Star Wars - Jedi Academy Trilogy - Jedi Search,Kevin J. Anderson,"Science fiction books explore imaginative and speculative concepts often set in futuristic or otherworldly settings. They delve into scientific, technological, and societal what-ifs.",SF000007,science_fiction,https://covers.openlibrary.org/b/olid/OL7826772M-M.jpg
Nightfall and Other Stories,Isaac Asimov,"Science fiction books explore imaginative and speculative concepts often set in futuristic or otherworldly settings. They delve into scientific, technological, and societal what-ifs.",SF000008,science_fiction,https://covers.openlibrary.org/b/olid/OL42541705M-M.jpg
The Windup Girl,Paolo Bacigalupi,"Science fiction books explore imaginative and speculative concepts often set in futuristic or otherworldly settings. They delve into scientific, technological, and societal what-ifs.",SF000009,science_fiction,https://covers.openlibrary.org/b/olid/OL26502506M-M.jpg
"Alas, Babylon",Pat Frank,"Science fiction books explore imaginative and speculative concepts often set in futuristic or otherworldly settings. They delve into scientific, technological, and societal what-ifs.",SF000010,science_fiction,https://covers.openlibrary.org/b/olid/OL7824330M-M.jpg
Fevre Dream,George R. R. Martin,"Science fiction books explore imaginative and speculative concepts often set in futuristic or otherworldly settings. They delve into scientific, technological, and societal what-ifs.",SF000011,science_fiction,https://covers.openlibrary.org/b/olid/OL3488071M-M.jpg
Star Wars - Splinter of the Mind's Eye,Alan Dean Foster,"Science fiction books explore imaginative and speculative concepts often set in futuristic or otherworldly settings. They delve into scientific, technological, and societal what-ifs.",SF000012,science_fiction,https://covers.openlibrary.org/b/olid/OL4558013M-M.jpg
Star Trek - Triangle,Sondra Marshak,"Science fiction books explore imaginative and speculative concepts often set in futuristic or otherworldly settings. They delve into scientific, technological, and societal what-ifs.",SF000013,science_fiction,https://covers.openlibrary.org/b/olid/OL24956103M-M.jpg
On Basilisk Station,David Weber,"Science fiction books explore imaginative and speculative concepts often set in futuristic or otherworldly settings. They delve into scientific, technological, and societal what-ifs.",SF000014,science_fiction,https://covers.openlibrary.org/b/olid/OL24966311M-M.jpg
The Peripheral,William F. Gibson,"Science fiction books explore imaginative and speculative concepts often set in futuristic or otherworldly settings. They delve into scientific, technological, and societal what-ifs.",SF000015,science_fiction,https://covers.openlibrary.org/b/olid/OL27164773M-M.jpg
The Ballad of Songbirds and Snakes,Suzanne Collins,"Science fiction books explore imaginative and speculative concepts often set in futuristic or otherworldly settings. They delve into scientific, technological, and societal what-ifs.",SF000016,science_fiction,https://covers.openlibrary.org/b/olid/OL28122267M-M.jpg
Finding Ecohappiness,Sandi Schwartz,"Self-help books offer advice, strategies, and guidance for personal development, self-improvement, and achieving personal goals and well-being.",SH000001,self-help,https://covers.openlibrary.org/b/olid/OL34142220M-M.jpg
Connecting the Dots,Sean Heritage,"Self-help books offer advice, strategies, and guidance for personal development, self-improvement, and achieving personal goals and well-being.",SH000002,self-help,https://covers.openlibrary.org/b/olid/OL34133035M-M.jpg
Living with Hypospadias,John Filippelli,"Self-help books offer advice, strategies, and guidance for personal development, self-improvement, and achieving personal goals and well-being.",SH000003,self-help,https://covers.openlibrary.org/b/olid/OL34224446M-M.jpg
Lemons of Life,Ismael Lara,"Self-help books offer advice, strategies, and guidance for personal development, self-improvement, and achieving personal goals and well-being.",SH000004,self-help,https://covers.openlibrary.org/b/olid/OL34273581M-M.jpg
The Checklist Book,Alexandra Franzen,"Self-help books offer advice, strategies, and guidance for personal development, self-improvement, and achieving personal goals and well-being.",SH000005,self-help,https://covers.openlibrary.org/b/olid/OL33098588M-M.jpg
Clear your past,Lynne D. Finney,"Self-help books offer advice, strategies, and guidance for personal development, self-improvement, and achieving personal goals and well-being.",SH000006,self-help,https://covers.openlibrary.org/b/olid/OL705894M-M.jpg
El Plan del Cisne,Nely Galan,"Self-help books offer advice, strategies, and guidance for personal development, self-improvement, and achieving personal goals and well-being.",SH000007,self-help,https://covers.openlibrary.org/b/olid/OL9236256M-M.jpg
Woman's Book of Strength,Sue Patton Thoele,"Self-help books offer advice, strategies, and guidance for personal development, self-improvement, and achieving personal goals and well-being.",SH000008,self-help,https://covers.openlibrary.org/b/olid/OL35162018M-M.jpg
Upside Down Zen,Susan Murphy,"Self-help books offer advice, strategies, and guidance for personal development, self-improvement, and achieving personal goals and well-being.",SH000009,self-help,https://covers.openlibrary.org/b/olid/OL8308561M-M.jpg
Enneagram,Tina Madison,"Self-help books offer advice, strategies, and guidance for personal development, self-improvement, and achieving personal goals and well-being.",SH000010,self-help,https://covers.openlibrary.org/b/olid/OL35288913M-M.jpg
It's All About Control,Randy W. McDonald,"Self-help books offer advice, strategies, and guidance for personal development, self-improvement, and achieving personal goals and well-being.",SH000011,self-help,https://covers.openlibrary.org/b/olid/OL36661788M-M.jpg
Let's Start a Luvolution,Southern Stardove,"Self-help books offer advice, strategies, and guidance for personal development, self-improvement, and achieving personal goals and well-being.",SH000012,self-help,https://covers.openlibrary.org/b/olid/OL36661792M-M.jpg
The Kill Artist,Daniel Silva,"Thriller books are known for their suspenseful and gripping narratives, often featuring high-stakes situations, mysteries, and intense psychological or action-packed elements.",TH000001,thriller,https://covers.openlibrary.org/b/olid/OL6791595M-M.jpg
The Solomon Curse,Clive Cussler,"Thriller books are known for their suspenseful and gripping narratives, often featuring high-stakes situations, mysteries, and intense psychological or action-packed elements.",TH000002,thriller,https://covers.openlibrary.org/b/olid/OL26605178M-M.jpg
Floating City: a Nicholas Linnear novel,Eric Van Lustbader,"Thriller books are known for their suspenseful and gripping narratives, often featuring high-stakes situations, mysteries, and intense psychological or action-packed elements.",TH000003,thriller,https://covers.openlibrary.org/b/olid/OL22384088M-M.jpg
The visitation,Frank E. Peretti,"Thriller books are known for their suspenseful and gripping narratives, often featuring high-stakes situations, mysteries, and intense psychological or action-packed elements.",TH000004,thriller,https://covers.openlibrary.org/b/olid/OL36813M-M.jpg
Marnie,Winston Graham,"Thriller books are known for their suspenseful and gripping narratives, often featuring high-stakes situations, mysteries, and intense psychological or action-packed elements.",TH000005,thriller,https://covers.openlibrary.org/b/olid/OL5800295M-M.jpg
Adrenaline,Jeff Abbott,"Thriller books are known for their suspenseful and gripping narratives, often featuring high-stakes situations, mysteries, and intense psychological or action-packed elements.",TH000006,thriller,https://covers.openlibrary.org/b/olid/OL28190712M-M.jpg
Hades,Russell Andrews,"Thriller books are known for their suspenseful and gripping narratives, often featuring high-stakes situations, mysteries, and intense psychological or action-packed elements.",TH000007,thriller,https://covers.openlibrary.org/b/olid/OL28989142M-M.jpg
Don't Turn Around,Jessica Barry,"Thriller books are known for their suspenseful and gripping narratives, often featuring high-stakes situations, mysteries, and intense psychological or action-packed elements.",TH000008,thriller,https://covers.openlibrary.org/b/olid/OL28156768M-M.jpg
Girl in the Moon,Terry Goodkind,"Thriller books are known for their suspenseful and gripping narratives, often featuring high-stakes situations, mysteries, and intense psychological or action-packed elements.",TH000009,thriller,https://covers.openlibrary.org/b/olid/OL27816742M-M.jpg
The Stockholm Syndicate,Colin Forbes,"Thriller books are known for their suspenseful and gripping narratives, often featuring high-stakes situations, mysteries, and intense psychological or action-packed elements.",TH000010,thriller,https://covers.openlibrary.org/b/olid/OL4271347M-M.jpg
A Savage Adoration,Penny Jordan,"Thriller books are known for their suspenseful and gripping narratives, often featuring high-stakes situations, mysteries, and intense psychological or action-packed elements.",TH000011,thriller,https://covers.openlibrary.org/b/olid/OL24381749M-M.jpg
The Genesis Code,John Case,"Thriller books are known for their suspenseful and gripping narratives, often featuring high-stakes situations, mysteries, and intense psychological or action-packed elements.",TH000012,thriller,https://covers.openlibrary.org/b/olid/OL672080M-M.jpg
The Book Thief,Markus Zusak," Young adult fiction books are tailored to adolescent readers and tackle themes relevant to their age group, such as coming-of-age, friendship, identity, and family dynamics.",YAF00001,young_adult_fiction,https://covers.openlibrary.org/b/olid/OL32728761M-M.jpg
Looking for Alaska,John Green," Young adult fiction books are tailored to adolescent readers and tackle themes relevant to their age group, such as coming-of-age, friendship, identity, and family dynamics.",YAF00002,young_adult_fiction,https://covers.openlibrary.org/b/olid/OL32769580M-M.jpg
AstÃ©rix et les Goths,RenÃ© Goscinny," Young adult fiction books are tailored to adolescent readers and tackle themes relevant to their age group, such as coming-of-age, friendship, identity, and family dynamics.",YAF00003,young_adult_fiction,https://covers.openlibrary.org/b/olid/OL10616969M-M.jpg
The Hate U Give,Angie Thomas," Young adult fiction books are tailored to adolescent readers and tackle themes relevant to their age group, such as coming-of-age, friendship, identity, and family dynamics.",YAF00004,young_adult_fiction,https://covers.openlibrary.org/b/olid/OL32466621M-M.jpg
AstÃ©rix chez les HelvÃ¨tes,RenÃ© Goscinny," Young adult fiction books are tailored to adolescent readers and tackle themes relevant to their age group, such as coming-of-age, friendship, identity, and family dynamics.",YAF00005,young_adult_fiction,https://covers.openlibrary.org/b/olid/OL24200704M-M.jpg
What Katy Did Next,Susan Coolidge," Young adult fiction books are tailored to adolescent readers and tackle themes relevant to their age group, such as coming-of-age, friendship, identity, and family dynamics.",YAF00006,young_adult_fiction,https://covers.openlibrary.org/b/olid/OL7182057M-M.jpg
The Lantern Bearers,Rosemary Sutcliff," Young adult fiction books are tailored to adolescent readers and tackle themes relevant to their age group, such as coming-of-age, friendship, identity, and family dynamics.",YAF00007,young_adult_fiction,https://covers.openlibrary.org/b/olid/OL5777563M-M.jpg
Turtles All the Way Down,John Green," Young adult fiction books are tailored to adolescent readers and tackle themes relevant to their age group, such as coming-of-age, friendship, identity, and family dynamics.",YAF00008,young_adult_fiction,https://covers.openlibrary.org/b/olid/OL26428769M-M.jpg
Thirteen reasons Why,Jay Asher," Young adult fiction books are tailored to adolescent readers and tackle themes relevant to their age group, such as coming-of-age, friendship, identity, and family dynamics.",YAF00009,young_adult_fiction,https://covers.openlibrary.org/b/olid/OL26387411M-M.jpg
Mouthing the Words,Camilla Gibb," Young adult fiction books are tailored to adolescent readers and tackle themes relevant to their age group, such as coming-of-age, friendship, identity, and family dynamics.",YAF00010,young_adult_fiction,https://covers.openlibrary.org/b/olid/OL3943866M-M.jpg
Peach Girl vol 2,Miwa Ueda," Young adult fiction books are tailored to adolescent readers and tackle themes relevant to their age group, such as coming-of-age, friendship, identity, and family dynamics.",YAF00011,young_adult_fiction,https://covers.openlibrary.org/b/olid/OL23066549M-M.jpg
Whistle!,Daisuke Higuchi," Young adult fiction books are tailored to adolescent readers and tackle themes relevant to their age group, such as coming-of-age, friendship, identity, and family dynamics.",YAF00012,young_adult_fiction,https://covers.openlibrary.org/b/olid/OL23004906M-M.jpg
